Date,Open,High,Low,Close,Volume,Adj Close
2017-09-13,249.72000099999997,250.210007,249.58999599999999,250.169998,59228000,236.101639
2017-09-14,249.80000299999998,250.32000699999998,249.600006,250.08999599999999,95446300,236.02613799999997
2017-09-15,248.690002,249.289993,248.57000699999998,249.190002,95432400,236.34385699999999
2017-09-18,249.61000099999998,250.11999500000002,249.27999900000003,249.72000099999997,46235200,236.846527
2017-09-19,250.0,250.07000699999998,249.600006,249.97000099999997,47108100,237.083649
2017-09-20,250.07000699999998,250.190002,248.919998,250.059998,59574100,237.169006
2017-09-21,249.88000499999998,249.979996,249.190002,249.38999900000002,48211400,236.533554
2017-09-22,249.05000299999998,249.63000499999998,249.020004,249.440002,51214000,236.580978
2017-09-25,249.149994,249.55000299999998,248.080002,248.92999300000002,57064400,236.09726
2017-09-26,249.419998,249.69999700000002,248.809998,249.080002,54082000,236.23954799999998
2017-09-27,249.88000499999998,250.49000499999997,248.86999500000002,250.05000299999998,81001400,237.15953100000002
2017-09-28,249.729996,250.440002,249.63000499999998,250.350006,44778800,237.44406099999998
2017-09-29,250.33999599999999,251.32000699999998,250.13000499999998,251.229996,85578000,238.278702
2017-10-02,251.49000499999997,252.32000699999998,251.289993,252.32000699999998,59023000,239.312515
2017-10-03,252.32000699999998,252.88999900000002,252.229996,252.86000099999998,66810200,239.824646
2017-10-04,252.690002,253.440002,252.559998,253.16000400000001,55953600,240.10923799999998
2017-10-05,253.539993,254.67999300000002,253.19999700000002,254.66000400000001,63522800,241.531906
2017-10-06,254.149994,254.69999700000002,253.850006,254.36999500000002,80646000,241.25680499999999
2017-10-09,254.63000499999998,254.69999700000002,253.649994,253.94999700000002,35803100,240.85849
2017-10-10,254.600006,255.05000299999998,253.979996,254.61999500000002,43057400,241.493927
2017-10-11,254.50999500000003,255.020004,254.32000699999998,255.020004,47674300,241.87333700000002
2017-10-12,254.66000400000001,255.059998,254.36999500000002,254.63999900000002,47065100,241.512894
2017-10-13,255.13999900000002,255.270004,254.63999900000002,254.94999700000002,54800400,241.80694599999998
2017-10-16,255.210007,255.50999500000003,254.82000699999998,255.289993,38221700,242.12941
2017-10-17,255.229996,255.520004,254.979996,255.47000099999997,31561000,242.300125
2017-10-18,255.899994,255.94999700000002,255.5,255.72000099999997,40888300,242.53723100000002
2017-10-19,254.830002,255.830002,254.350006,255.789993,61903800,242.60362200000003
2017-10-20,256.700012,257.140015,255.770004,257.109985,89176400,243.85556
2017-10-23,257.480011,257.51001,256.019989,256.109985,63915300,242.90712000000002
2017-10-24,256.600006,256.829987,256.149994,256.559998,66935900,243.333923
2017-10-25,256.179993,256.309998,254.0,255.289993,103715300,242.12941
2017-10-26,255.99000499999997,256.299988,255.479996,255.61999500000002,69798000,242.442398
2017-10-27,256.47000099999997,257.890015,255.63000499999998,257.709991,85562500,244.42463700000002
2017-10-30,256.47000099999997,257.600006,256.410004,256.75,54285700,243.51413
2017-10-31,257.179993,257.440002,256.809998,257.149994,60304800,243.893478
2017-11-01,258.040009,258.429993,257.070007,257.48999,54202700,244.215973
2017-11-02,257.410004,257.75,256.190002,257.589996,56449500,244.31083700000002
2017-11-03,257.769989,258.5,257.299988,258.450012,59589700,245.126511
2017-11-06,258.299988,259.0,258.22000099999997,258.850006,49652600,245.50589
2017-11-07,258.97000099999997,259.350006,258.089996,258.670013,57502200,245.33515899999998
2017-11-08,258.47000099999997,259.22000099999997,258.149994,259.109985,50469600,245.752441
2017-11-09,257.730011,258.390015,256.359985,258.170013,95085500,244.860947
2017-11-10,257.730011,258.290009,257.369995,258.089996,59984700,244.785034
2017-11-13,257.309998,258.589996,257.269989,258.329987,50228600,245.01268
2017-11-14,257.410004,257.850006,256.519989,257.730011,61315200,244.44361899999998
2017-11-15,256.619995,257.22000099999997,255.63000499999998,256.440002,80811500,243.220123
2017-11-16,257.519989,259.040009,257.47000099999997,258.619995,67777000,245.28775
2017-11-17,258.22000099999997,258.589996,257.769989,257.859985,75756800,244.56689500000002
2017-11-20,258.140015,258.519989,257.859985,258.299988,48075500,244.98420699999997
2017-11-21,259.179993,260.200012,258.26001,259.98999,69176800,246.58709700000003
2017-11-22,260.0,260.149994,259.570007,259.76001,45033400,246.369003
2017-11-24,260.320007,260.480011,260.160004,260.359985,27856500,246.938019
2017-11-27,260.410004,260.75,260.0,260.230011,52274900,246.81472799999997
2017-11-28,260.76001,262.899994,260.649994,262.869995,98971700,249.31863399999997
2017-11-29,263.019989,263.630005,262.200012,262.709991,77512100,249.16691600000001
2017-11-30,263.76001,266.049988,263.670013,265.01001,127894400,251.34832799999998
2017-12-01,264.76001,265.309998,260.76001,264.459991,164390900,250.826675
2017-12-04,266.309998,266.799988,264.079987,264.140015,94040600,250.52319300000002
2017-12-05,263.190002,265.149994,263.040009,263.190002,77994500,249.622131
2017-12-06,263.299988,263.730011,262.709991,263.23999,75898600,249.66960099999997
2017-12-07,264.070007,264.429993,262.940002,264.070007,77218600,250.45677200000003
2017-12-08,265.160004,265.519989,264.02999900000003,265.51001,76563900,251.822586
2017-12-11,266.309998,266.380005,265.480011,266.309998,83077500,252.58129900000003
2017-12-12,267.209991,267.320007,266.350006,266.77999900000003,85195800,253.027054
2017-12-13,267.059998,267.559998,266.649994,266.75,102905400,252.99865699999998
2017-12-14,267.089996,267.22000099999997,265.600006,265.660004,100666700,251.964859
2017-12-15,265.450012,267.040009,265.390015,266.51001,144610300,254.063065
2017-12-18,268.100006,268.600006,267.980011,268.200012,83653600,255.67411800000002
2017-12-19,268.480011,268.52999900000003,267.089996,267.170013,82382900,254.692215
2017-12-20,268.269989,268.329987,266.690002,267.02999900000003,76751500,254.558731
2017-12-21,267.73999,268.390015,267.299988,267.579987,67032300,255.083038
2017-12-22,267.600006,267.640015,266.899994,267.51001,78720900,255.016312
2017-12-26,267.049988,267.440002,266.890015,267.190002,45244400,254.711288
2017-12-27,267.380005,267.730011,267.01001,267.320007,57751000,254.835175
2017-12-28,267.890015,267.920013,267.450012,267.869995,45116100,255.35954300000003
2017-12-29,268.52999900000003,268.549988,266.640015,266.859985,96007400,254.396698
2018-01-02,267.839996,268.809998,267.399994,268.769989,86655700,256.217468
2018-01-03,268.959991,270.640015,268.959991,270.47000099999997,90070400,257.838104
2018-01-04,271.200012,272.160004,270.540009,271.609985,80636400,258.92483500000003
2018-01-05,272.51001,273.559998,271.950012,273.420013,83524000,260.650299
2018-01-08,273.309998,274.100006,272.980011,273.920013,57319200,261.126984
2018-01-09,274.399994,275.25,274.079987,274.540009,57254000,261.71801800000003
2018-01-10,273.679993,274.420013,272.920013,274.119995,69574300,261.317596
2018-01-11,274.75,276.119995,274.559998,276.119995,62361500,263.224152
2018-01-12,276.420013,278.109985,276.079987,277.920013,90816100,264.940186
2018-01-16,279.350006,280.089996,276.179993,276.97000099999997,106555100,264.034515
2018-01-17,278.02999900000003,280.049988,276.97000099999997,279.609985,113258800,266.551147
2018-01-18,279.480011,279.959991,278.579987,279.140015,100728000,266.10321
2018-01-19,279.799988,280.410004,279.140015,280.410004,140920100,267.313843
2018-01-22,280.170013,282.690002,280.109985,282.690002,91322400,269.487366
2018-01-23,282.73999,283.619995,282.369995,283.290009,97084700,270.059326
2018-01-24,284.019989,284.700012,281.839996,283.179993,134816100,269.954468
2018-01-25,284.160004,284.269989,282.399994,283.299988,84587300,270.06890899999996
2018-01-26,284.25,286.630005,283.959991,286.579987,107743100,273.195648
2018-01-29,285.929993,286.429993,284.5,284.679993,90118300,271.38443
2018-01-30,282.600006,284.73999,281.22000099999997,281.76001,131796400,268.60083
2018-01-31,282.730011,283.299988,280.679993,281.899994,108364800,268.734192
2018-02-01,281.070007,283.059998,280.679993,281.579987,90102500,268.42922999999996
2018-02-02,280.079987,280.230011,275.410004,275.450012,173174800,262.58551
2018-02-05,273.450012,275.850006,263.309998,263.929993,294681800,251.60347000000002
2018-02-06,259.940002,269.700012,258.700012,269.130005,355026800,256.560699
2018-02-07,268.5,272.359985,267.579987,267.670013,167376100,255.168854
2018-02-08,268.01001,268.170013,257.589996,257.630005,246449500,245.59777799999998
2018-02-09,260.799988,263.609985,252.919998,261.5,283565300,249.287033
2018-02-12,263.829987,267.01001,261.660004,265.339996,143736000,252.947723
2018-02-13,263.97000099999997,266.619995,263.309998,266.0,81223600,253.57682799999998
2018-02-14,264.309998,270.0,264.299988,269.589996,120735700,256.99920699999996
2018-02-15,271.570007,273.040009,268.769989,273.02999900000003,111200300,260.278503
2018-02-16,272.320007,275.320007,272.269989,273.109985,160420100,260.354767
2018-02-20,272.02999900000003,273.670013,270.5,271.399994,86369700,258.72467
2018-02-21,271.899994,274.72000099999997,269.940002,270.049988,98883700,257.437714
2018-02-22,271.100006,273.049988,269.640015,270.399994,110511300,257.771332
2018-02-23,271.790009,274.709991,271.25,274.709991,92766400,261.880035
2018-02-26,275.929993,278.01001,275.26001,277.899994,86491400,264.92108199999996
2018-02-27,278.109985,278.920013,274.359985,274.429993,99099200,261.613159
2018-02-28,275.679993,276.190002,271.290009,271.649994,121907800,258.96295200000003
2018-03-01,271.410004,273.170013,266.0,267.700012,176855100,255.19743300000002
2018-03-02,265.799988,269.72000099999997,264.820007,269.079987,139083200,256.513031
2018-03-05,267.730011,272.890015,267.609985,272.190002,97307400,259.477722
2018-03-06,273.299988,273.390015,271.179993,272.880005,79213200,260.135529
2018-03-07,270.420013,273.179993,270.200012,272.77999900000003,87063500,260.040222
2018-03-08,273.549988,274.23999,272.420013,274.100006,66901200,261.298584
2018-03-09,275.700012,278.869995,275.339996,278.869995,113625300,265.845795
2018-03-12,279.200012,279.910004,278.079987,278.519989,71924800,265.512146
2018-03-13,279.839996,280.410004,276.02999900000003,276.72000099999997,91968900,263.796173
2018-03-14,277.809998,278.019989,274.670013,275.299988,105895100,262.44244399999997
2018-03-15,275.880005,276.609985,274.429993,275.0,83433000,262.156494
2018-03-16,274.5,275.390015,274.140015,274.200012,100343700,262.440796
2018-03-19,273.350006,274.399994,268.619995,270.48999,109208400,258.889862
2018-03-20,270.940002,271.670013,270.179993,270.950012,59757300,259.3302
2018-03-21,270.899994,273.269989,270.190002,270.429993,78709600,258.83245800000003
2018-03-22,267.910004,268.869995,263.359985,263.670013,148785900,252.362381
2018-03-23,264.170013,264.540009,257.829987,258.049988,183534800,246.983398
2018-03-26,262.130005,265.429993,259.410004,265.109985,141956100,253.74060099999997
2018-03-27,266.170013,266.769989,258.839996,260.600006,129941400,249.42402599999997
2018-03-28,260.75,262.640015,258.579987,259.829987,146452300,248.686996
2018-03-29,261.119995,265.26001,259.839996,263.149994,111601600,251.86467000000002
2018-04-02,262.549988,263.130005,254.669998,257.47000099999997,186286300,246.42825299999998
2018-04-03,258.869995,261.309998,256.839996,260.769989,119956900,249.58673100000001
2018-04-04,256.75,264.359985,256.600006,263.559998,123715300,252.25707999999997
2018-04-05,265.549988,266.640015,264.320007,265.640015,82652600,254.247894
2018-04-06,263.420013,265.109985,258.0,259.72000099999997,179521200,248.58174100000002
2018-04-09,261.369995,264.839996,259.940002,261.0,105442900,249.80683900000002
2018-04-10,264.269989,266.040009,262.980011,265.149994,103529000,253.778854
2018-04-11,263.47000099999997,265.640015,263.390015,263.76001,91140200,252.44853199999997
2018-04-12,265.26001,267.0,265.059998,265.929993,68890500,254.525452
2018-04-13,267.410004,267.540009,264.01001,265.149994,85079200,253.778854
2018-04-16,267.0,268.200012,266.070007,267.329987,63405300,255.865387
2018-04-17,269.329987,270.869995,268.75,270.190002,64682000,258.602722
2018-04-18,270.690002,271.299988,269.869995,270.390015,57303900,258.794159
2018-04-19,269.649994,269.880005,267.72000099999997,268.890015,77655900,257.358521
2018-04-20,268.809998,269.059998,265.609985,266.609985,99953100,255.17627000000002
2018-04-23,267.26001,267.890015,265.350006,266.570007,65558000,255.138
2018-04-24,267.730011,267.980011,261.27999900000003,262.980011,112885500,251.701965
2018-04-25,262.910004,264.130005,260.850006,263.630005,103840900,252.32405099999997
2018-04-26,264.790009,267.25,264.290009,266.309998,67731900,254.88916
2018-04-27,267.0,267.339996,265.5,266.559998,57053600,255.128433
2018-04-30,267.26001,267.890015,264.429993,264.51001,82182300,253.166336
2018-05-01,263.869995,265.100006,262.109985,264.980011,74203400,253.61617999999999
2018-05-02,264.76001,265.679993,262.76001,263.200012,86368900,251.91253700000001
2018-05-03,262.26001,263.359985,259.049988,262.619995,136311500,251.357407
2018-05-04,261.519989,266.790009,261.149994,266.019989,91222100,254.61155699999998
2018-05-07,266.890015,268.019989,266.109985,266.920013,55304900,255.472992
2018-05-08,266.5,267.329987,265.149994,266.920013,67499200,255.472992
2018-05-09,267.679993,269.869995,267.089996,269.5,59666100,257.942383
2018-05-10,270.339996,272.390015,270.22000099999997,272.019989,72063900,260.354279
2018-05-11,272.160004,273.149994,271.579987,272.850006,59871500,261.148682
2018-05-14,273.339996,274.079987,272.359985,272.980011,54790600,261.273163
2018-05-15,271.589996,271.609985,270.02999900000003,271.100006,87036100,259.473755
2018-05-16,271.140015,272.76001,271.109985,272.23999,53942600,260.56485
2018-05-17,271.940002,273.230011,271.130005,272.01001,56536400,260.344696
2018-05-18,271.619995,272.02999900000003,270.929993,271.329987,64368000,259.69381699999997
2018-05-21,273.01001,273.980011,272.570007,273.369995,58025900,261.646362
2018-05-22,273.959991,274.25,272.23999,272.609985,52966400,260.91891499999997
2018-05-23,271.170013,273.390015,270.98999,273.359985,64694200,261.63678
2018-05-24,272.910004,273.22000099999997,270.77999900000003,272.799988,76043800,261.1008
2018-05-25,272.149994,272.859985,271.579987,272.149994,56374800,260.478699
2018-05-29,270.309998,271.170013,267.76001,269.019989,115908600,257.48287999999997
2018-05-30,270.5,273.109985,270.420013,272.609985,69678400,260.91891499999997
2018-05-31,272.149994,272.48999,270.26001,270.940002,93519900,259.320587
2018-06-01,272.410004,273.940002,272.329987,273.600006,71258400,261.866486
2018-06-04,274.52999900000003,275.190002,274.26001,274.899994,45385200,263.110748
2018-06-05,275.049988,275.52999900000003,274.179993,275.100006,51135000,263.302185
2018-06-06,275.790009,277.519989,275.089996,277.399994,62732200,265.50354
2018-06-07,277.950012,278.27999900000003,276.339996,277.369995,72969400,265.474854
2018-06-08,276.850006,278.25,276.660004,278.190002,72139700,266.259674
2018-06-11,278.440002,279.369995,278.309998,278.559998,58892500,266.61377000000005
2018-06-12,279.02999900000003,279.329987,278.190002,278.920013,72329000,266.95840499999997
2018-06-13,279.190002,279.480011,277.799988,278.02999900000003,79070600,266.106537
2018-06-14,279.01001,279.329987,278.059998,278.730011,77097600,266.776489
2018-06-15,276.600006,277.51001,275.350006,277.130005,120041600,266.436218
2018-06-18,275.48999,276.700012,274.950012,276.559998,52917600,265.888153
2018-06-19,274.0,275.75,273.52999900000003,275.5,97531500,264.869049
2018-06-20,276.269989,276.72000099999997,275.589996,275.97000099999997,53785500,265.320953
2018-06-21,275.959991,275.980011,273.679993,274.23999,71061400,263.657715
2018-06-22,275.660004,275.790009,274.48999,274.73999,54898500,264.138428
2018-06-25,273.440002,273.619995,269.100006,271.0,137854200,260.542664
2018-06-26,271.640015,272.559998,270.790009,271.600006,68547400,261.119568
2018-06-27,272.26001,273.869995,269.179993,269.350006,105110700,258.95636
2018-06-28,269.290009,271.75,268.48999,270.890015,76650500,260.43689
2018-06-29,272.119995,273.660004,271.149994,271.27999900000003,97592500,260.81195099999997
2018-07-02,269.51001,272.040009,269.23999,271.859985,63554800,261.369507
2018-07-03,272.869995,272.980011,270.420013,270.899994,42187100,260.446564
2018-07-05,272.170013,273.179993,270.959991,273.109985,56925900,262.571259
2018-07-06,273.140015,275.839996,272.709991,275.420013,66493700,264.792145
2018-07-09,276.549988,277.959991,276.5,277.899994,50550400,267.176483
2018-07-10,278.410004,279.01001,278.079987,278.899994,51966800,268.137817
2018-07-11,277.149994,278.040009,276.519989,276.859985,77054700,266.176605
2018-07-12,278.27999900000003,279.429993,277.600006,279.369995,60124700,268.589752
2018-07-13,279.170013,279.929993,278.660004,279.589996,48216000,268.801239
2018-07-16,279.640015,279.799988,278.839996,279.339996,48201000,268.560883
2018-07-17,278.47000099999997,280.910004,278.410004,280.47000099999997,52315500,269.647278
2018-07-18,280.559998,281.179993,280.059998,281.059998,44593500,270.214508
2018-07-19,280.309998,280.73999,279.459991,280.0,61412100,269.195404
2018-07-20,279.769989,280.480011,279.5,279.679993,82337700,268.887787
2018-07-23,279.450012,280.429993,279.059998,280.200012,47047600,269.387726
2018-07-24,281.790009,282.559998,280.630005,281.609985,68026900,270.743317
2018-07-25,281.329987,284.369995,281.27999900000003,284.01001,78882900,273.05069
2018-07-26,283.200012,284.109985,283.089996,283.339996,57919500,272.406494
2018-07-27,283.709991,283.820007,280.380005,281.420013,76768700,270.560638
2018-07-30,281.51001,281.690002,279.359985,279.950012,63742500,269.14736899999997
2018-07-31,280.809998,282.019989,280.380005,281.329987,68570500,270.474091
2018-08-01,281.559998,282.130005,280.130005,280.859985,53853300,270.022217
2018-08-02,279.390015,282.579987,279.160004,282.390015,63426400,271.493225
2018-08-03,282.52999900000003,283.660004,282.329987,283.600006,53935400,272.656494
2018-08-06,283.640015,284.98999,283.200012,284.640015,39400900,273.65637200000003
2018-08-07,285.390015,286.01001,285.23999,285.579987,43196600,274.56005899999997
2018-08-08,285.390015,285.910004,284.940002,285.459991,42114600,274.444733
2018-08-09,285.52999900000003,285.97000099999997,284.920013,285.070007,35717000,274.069794
2018-08-10,283.450012,284.059998,282.359985,283.160004,77076000,272.233521
2018-08-13,283.47000099999997,284.160004,281.769989,282.100006,65732900,271.214386
2018-08-14,282.920013,284.170013,282.480011,283.899994,43842000,272.944885
2018-08-15,282.380005,282.540009,280.160004,281.77999900000003,102925400,270.906769
2018-08-16,283.399994,285.040009,283.359985,284.059998,69967900,273.098785
2018-08-17,283.829987,285.559998,283.369995,285.059998,65618500,274.06015
2018-08-20,285.570007,285.97000099999997,285.059998,285.670013,39807500,274.646637
2018-08-21,286.25,287.309998,285.709991,286.339996,67272000,275.290771
2018-08-22,285.880005,286.76001,285.579987,286.170013,44993300,275.12735
2018-08-23,285.97000099999997,286.940002,285.429993,285.790009,49204900,274.761993
2018-08-24,286.440002,287.670013,286.380005,287.51001,57487400,276.415619
2018-08-27,288.859985,289.899994,288.679993,289.77999900000003,57072400,278.598053
2018-08-28,290.299988,290.420013,289.399994,289.920013,46943500,278.732635
2018-08-29,290.160004,291.73999,289.890015,291.480011,61485500,280.232452
2018-08-30,290.940002,291.359985,289.630005,290.299988,61229500,279.097992
2018-08-31,289.839996,290.809998,289.290009,290.309998,66140800,279.107544
2018-09-04,289.839996,290.209991,288.679993,289.809998,57594400,278.626892
2018-09-05,289.410004,289.640015,287.890015,289.02999900000003,72452400,277.87695299999996
2018-09-06,289.149994,289.48999,287.0,288.160004,65909900,277.04055800000003
2018-09-07,286.980011,288.700012,286.709991,287.600006,73524800,276.502167
2018-09-10,288.73999,289.040009,287.880005,288.100006,50210900,276.98284900000004
2018-09-11,287.369995,289.549988,286.980011,289.049988,50530500,277.896179
2018-09-12,289.059998,289.799988,288.230011,289.119995,59810800,277.96350099999995
2018-09-13,290.320007,291.040009,290.0,290.829987,51034200,279.607483
2018-09-14,291.059998,291.269989,290.0,290.880005,55079900,279.655579
2018-09-17,290.820007,290.859985,289.02999900000003,289.339996,68244000,278.174988
2018-09-18,289.579987,291.579987,289.549988,290.910004,61930400,279.684479
2018-09-19,290.97000099999997,291.690002,290.829987,291.22000099999997,49080600,279.982452
2018-09-20,292.640015,293.940002,291.23999,293.579987,100360600,282.25143399999996
2018-09-21,293.089996,293.22000099999997,291.809998,291.98999,105479700,281.99352999999996
2018-09-24,291.339996,291.5,290.369995,291.019989,53409600,281.056732
2018-09-25,291.52999900000003,291.649994,290.480011,290.75,44370000,280.79599
2018-09-26,290.910004,292.23999,289.410004,289.880005,79739700,279.95578
2018-09-27,290.410004,291.910004,290.100006,290.690002,59249500,280.738037
2018-09-28,289.98999,291.27999900000003,289.950012,290.72000099999997,70091400,280.766968
2018-10-01,292.109985,292.929993,290.980011,291.730011,62078900,281.742462
2018-10-02,291.559998,292.359985,291.140015,291.559998,47258200,281.578217
2018-10-03,292.73999,293.209991,291.320007,291.72000099999997,64694600,281.732819
2018-10-04,291.179993,291.23999,287.660004,289.440002,111545900,279.530792
2018-10-05,289.690002,290.269989,286.22000099999997,287.820007,105951700,277.966278
2018-10-08,287.049988,288.22000099999997,285.5,287.820007,87742200,277.966278
2018-10-09,287.390015,288.859985,286.769989,287.399994,74339000,277.560699
2018-10-10,286.829987,286.910004,277.880005,278.299988,214731000,268.772247
2018-10-11,277.079987,278.899994,270.359985,272.170013,274840500,262.85211200000003
2018-10-12,276.769989,277.089996,272.369995,275.950012,183186500,266.502686
2018-10-15,275.549988,277.040009,274.299988,274.399994,102263700,265.005737
2018-10-16,276.600006,280.820007,276.070007,280.399994,118255800,270.800323
2018-10-17,280.440002,281.149994,277.559998,280.450012,110626000,270.848602
2018-10-18,279.399994,280.070007,274.97000099999997,276.399994,134557500,266.937256
2018-10-19,277.130005,279.299988,275.47000099999997,276.25,139901600,266.792419
2018-10-22,277.0,277.359985,274.410004,275.01001,82415800,265.594788
2018-10-23,270.950012,274.869995,268.609985,273.609985,146352700,264.242767
2018-10-24,273.329987,273.76001,264.700012,265.320007,177806700,256.236603
2018-10-25,267.380005,271.809998,266.230011,270.079987,138061500,260.833618
2018-10-26,265.920013,271.0,262.290009,265.329987,201574600,256.246246
2018-10-29,268.799988,270.25,259.850006,263.859985,160749100,254.826584
2018-10-30,263.670013,268.119995,263.119995,267.769989,157116000,258.602692
2018-10-31,270.649994,273.230011,270.119995,270.630005,128296300,261.364807
2018-11-01,271.600006,273.730011,270.380005,273.51001,99495000,264.14621
2018-11-02,274.75,275.230011,269.589996,271.890015,122634100,262.581726
2018-11-05,272.440002,274.01001,271.350006,273.390015,65622500,264.030334
2018-11-06,273.320007,275.299988,273.25,275.119995,60085900,265.70108
2018-11-07,277.559998,281.100006,277.079987,281.01001,102752100,271.389435
2018-11-08,280.109985,281.22000099999997,279.22000099999997,280.5,65584900,270.896881
2018-11-09,279.02999900000003,279.23999,276.179993,277.76001,98812600,268.25073199999997
2018-11-12,277.190002,277.459991,271.98999,272.570007,99673600,263.238403
2018-11-13,273.089996,275.329987,271.25,272.059998,98176600,262.74585
2018-11-14,274.160004,274.609985,268.450012,270.200012,125335900,260.949524
2018-11-15,268.77999900000003,273.540009,267.01001,273.019989,135101400,263.672974
2018-11-16,271.790009,274.75,271.209991,273.730011,126668000,264.358673
2018-11-19,273.049988,273.380005,268.070007,269.100006,103061700,259.887177
2018-11-20,265.359985,267.0,263.149994,264.119995,136021300,255.077698
2018-11-21,265.859985,267.149994,265.01001,265.019989,75563700,255.946869
2018-11-23,263.179993,264.820007,263.070007,263.25,42807900,254.23745699999998
2018-11-26,265.77999900000003,267.75,265.339996,267.5,79981400,258.341949
2018-11-27,266.339996,268.399994,265.660004,268.399994,75502400,259.211151
2018-11-28,269.600006,274.579987,268.329987,274.579987,127629600,265.179535
2018-11-29,273.709991,275.549988,272.429993,273.980011,82346400,264.600128
2018-11-30,273.809998,276.27999900000003,273.450012,275.649994,98204200,266.212921
2018-12-03,280.27999900000003,280.399994,277.51001,279.299988,103176300,269.737976
2018-12-04,278.369995,278.850006,269.899994,270.25,177986000,260.997833
2018-12-06,265.920013,269.97000099999997,262.440002,269.839996,204185400,260.601837
2018-12-07,269.459991,271.22000099999997,262.630005,263.570007,161018900,254.546509
2018-12-10,263.369995,265.160004,258.619995,264.070007,151445900,255.029404
2018-12-11,267.660004,267.869995,262.480011,264.130005,121504400,255.087326
2018-12-12,267.47000099999997,269.0,265.369995,265.459991,97976700,256.371765
2018-12-13,266.519989,267.48999,264.119995,265.369995,96662700,256.284851
2018-12-14,262.959991,264.02999900000003,259.850006,260.47000099999997,116961100,251.55262799999997
2018-12-17,259.399994,260.649994,253.52999900000003,255.36000099999998,165492300,246.617599
2018-12-18,257.200012,257.950012,253.27999900000003,255.080002,134515100,246.347183
2018-12-19,255.169998,259.399994,249.350006,251.25999500000003,214992800,242.65792799999997
2018-12-20,249.86000099999998,251.61999500000002,244.649994,247.169998,252053400,238.70799300000002
2018-12-21,246.74000499999997,249.710007,239.979996,240.69999700000002,255345600,233.816956
2018-12-24,239.039993,240.83999599999999,234.270004,234.33999599999999,147311600,227.63882400000003
2018-12-26,235.97000099999997,246.17999300000002,233.75999500000003,246.17999300000002,218485400,239.140244
2018-12-27,242.57000699999998,248.289993,238.960007,248.07000699999998,186267300,240.976212
2018-12-28,249.580002,251.399994,246.44999700000002,247.75,153100200,240.665375
2018-12-31,249.559998,250.190002,247.47000099999997,249.919998,144299400,242.773315
2019-01-02,245.979996,251.210007,245.94999700000002,250.17999300000002,126925200,243.025879
2019-01-03,248.229996,248.57000699999998,243.669998,244.210007,144140700,237.226593
2019-01-04,247.58999599999999,253.11000099999998,247.169998,252.38999900000002,142628800,245.17266800000002
2019-01-07,252.690002,255.94999700000002,251.690002,254.38000499999998,103139100,247.10577400000003
2019-01-08,256.820007,257.309998,254.0,256.769989,102512600,249.427399
2019-01-09,257.559998,258.910004,256.190002,257.97000099999997,95006600,250.59312400000002
2019-01-10,256.26001,259.160004,255.5,258.880005,96823900,251.47709700000001
2019-01-11,257.679993,259.01001,257.02999900000003,258.980011,73858100,251.574234
2019-01-14,256.859985,258.299988,256.410004,257.399994,70908200,250.039413
2019-01-15,257.820007,260.700012,257.809998,260.350006,85208300,252.905075
2019-01-16,260.829987,261.97000099999997,260.600006,260.980011,77636700,253.51701400000002
2019-01-17,260.01001,263.920013,259.959991,262.959991,96118400,255.440445
2019-01-18,264.980011,266.980011,263.0,266.459991,127900300,258.840332
2019-01-22,264.820007,265.059998,261.059998,262.859985,115531200,255.343262
2019-01-23,264.01001,264.790009,260.660004,263.410004,86030300,255.87756299999998
2019-01-24,263.209991,264.200012,262.079987,263.549988,59204100,256.013519
2019-01-25,265.609985,266.700012,263.660004,265.77999900000003,96883400,258.179779
2019-01-28,263.390015,263.829987,261.790009,263.76001,85613700,256.21756
2019-01-29,263.920013,264.549988,262.480011,263.410004,66136300,255.87756299999998
2019-01-30,265.100006,268.519989,264.25,267.579987,92473700,259.92828399999996
2019-01-31,267.51001,270.47000099999997,267.269989,269.929993,104012100,262.211121
2019-02-01,270.149994,271.200012,269.179993,270.059998,85782500,262.337372
2019-02-04,270.109985,272.02999900000003,269.359985,271.959991,60744800,264.183044
2019-02-05,272.440002,273.440002,271.880005,273.100006,79552800,265.290436
2019-02-06,272.790009,273.339996,271.920013,272.73999,58347800,264.940704
2019-02-07,270.940002,271.549988,268.290009,270.140015,95482000,262.41513100000003
2019-02-08,268.75,270.579987,267.829987,270.47000099999997,75788900,262.735657
2019-02-11,271.200012,271.48999,270.02999900000003,270.619995,68021400,262.881378
2019-02-12,272.420013,274.519989,272.339996,274.100006,72270200,266.261871
2019-02-13,275.02999900000003,275.929993,274.559998,274.98999,65277200,267.126373
2019-02-14,273.77999900000003,275.640015,272.869995,274.380005,83234400,266.533844
2019-02-15,276.359985,277.410004,276.130005,277.369995,97088700,269.438354
2019-02-19,276.480011,278.579987,276.47000099999997,277.850006,59120800,269.904633
2019-02-20,277.809998,278.920013,277.25,278.410004,76610800,270.448578
2019-02-21,277.700012,278.100006,276.350006,277.420013,64214700,269.486908
2019-02-22,278.109985,279.359985,277.399994,279.140015,78114600,271.157715
2019-02-25,280.730011,281.309998,279.429993,279.519989,69030700,271.52685499999995
2019-02-26,279.130005,280.299988,278.899994,279.320007,56844100,271.332581
2019-02-27,278.519989,279.589996,277.480011,279.200012,56921600,271.216064
2019-02-28,278.959991,279.450012,278.320007,278.679993,69268300,270.710846
2019-03-01,280.440002,280.880005,278.820007,280.420013,78880500,272.401123
2019-03-04,281.600006,281.869995,276.839996,279.399994,106494600,271.410309
2019-03-05,279.540009,279.76001,278.410004,279.019989,59114600,271.041138
2019-03-06,279.149994,279.160004,276.97000099999997,277.329987,75039800,269.399475
2019-03-07,276.829987,276.98999,274.070007,275.01001,94885100,267.145813
2019-03-08,272.940002,274.649994,272.420013,274.459991,85795800,266.611572
2019-03-11,275.26001,278.619995,275.230011,278.440002,65098900,270.477753
2019-03-12,279.059998,280.070007,278.850006,279.48999,79667500,271.497681
2019-03-13,280.480011,282.380005,280.299988,281.339996,80639200,273.2948
2019-03-14,281.369995,281.839996,280.670013,281.160004,67518400,273.119934
2019-03-15,280.540009,282.209991,280.329987,281.309998,81309000,274.46936
2019-03-18,281.549988,282.660004,281.299988,282.329987,62199800,275.464508
2019-03-19,283.51001,284.359985,281.410004,282.399994,90268100,275.53283700000003
2019-03-20,282.160004,283.5,280.320007,281.549988,84609200,274.70349100000004
2019-03-21,280.640015,285.179993,280.589996,284.730011,79550400,277.806213
2019-03-22,283.22000099999997,283.799988,279.179993,279.25,122659300,272.45944199999997
2019-03-25,278.869995,280.190002,277.640015,279.040009,85575200,272.254547
2019-03-26,280.98999,282.179993,279.559998,281.119995,68125900,274.283966
2019-03-27,281.109985,281.76001,277.929993,279.649994,72224700,272.849701
2019-03-28,280.350006,281.209991,279.070007,280.709991,56238500,273.883942
2019-03-29,282.390015,282.839996,281.140015,282.480011,82186800,275.610931
2019-04-01,284.700012,286.160004,284.399994,285.829987,77617900,278.879425
2019-04-02,286.040009,286.230011,285.089996,285.97000099999997,40070400,279.016022
2019-04-03,287.320007,287.76001,285.75,286.420013,68243200,279.45507799999996
2019-04-04,286.77999900000003,287.459991,286.01001,287.179993,48997500,280.196594
2019-04-05,287.920013,288.630005,287.600006,288.570007,58621700,281.552826
2019-04-08,288.100006,288.910004,287.369995,288.790009,53566300,281.767456
2019-04-09,287.72000099999997,288.079987,286.700012,287.309998,66142300,280.323425
2019-04-10,287.769989,288.390015,287.309998,288.290009,52601500,281.279633
2019-04-11,288.829987,288.839996,287.579987,288.209991,55093100,281.201569
2019-04-12,290.0,290.47000099999997,288.26001,290.160004,69727800,283.104156
2019-04-15,290.23999,290.350006,289.079987,289.97000099999997,49596700,282.918762
2019-04-16,290.950012,291.01001,289.5,290.160004,52153200,283.104156
2019-04-17,291.399994,291.429993,288.98999,289.450012,58268300,282.411407
2019-04-18,290.100006,290.320007,288.660004,290.019989,68708500,282.96756
2019-04-22,289.170013,290.440002,289.070007,290.269989,40160100,283.21142599999996
2019-04-23,290.679993,293.140015,290.420013,292.880005,52246600,285.757965
2019-04-24,292.790009,293.160004,292.070007,292.230011,50392900,285.12384
2019-04-25,292.119995,292.77999900000003,290.730011,292.049988,57770900,284.94818100000003
2019-04-26,292.100006,293.48999,291.23999,293.410004,50916400,286.275116
2019-04-29,293.51001,294.450012,293.410004,293.869995,57197700,286.723907
2019-04-30,293.48999,294.339996,291.920013,294.019989,81111700,286.87027
2019-05-01,294.72000099999997,294.950012,291.799988,291.809998,71671900,284.713989
2019-05-02,291.679993,292.700012,289.519989,291.179993,65030200,284.099335
2019-05-03,292.820007,294.339996,291.299988,294.02999900000003,56543700,286.880005
2019-05-06,289.25,293.309998,288.899994,292.820007,107198100,285.699463
2019-05-07,290.149994,290.809998,285.809998,287.929993,144729900,280.92834500000004
2019-05-08,287.52999900000003,289.429993,286.869995,287.52999900000003,91568300,280.538055
2019-05-09,285.230011,287.329987,283.299988,286.660004,103471100,279.68927
2019-05-10,285.619995,288.940002,282.299988,288.100006,112429300,281.094208
2019-05-13,282.420013,283.48999,279.929993,280.859985,127290500,274.03024300000004
2019-05-14,281.98999,285.100006,281.850006,283.399994,77003200,276.508484
2019-05-15,281.589996,285.769989,281.359985,285.059998,73956400,278.128113
2019-05-16,285.839996,289.209991,285.76001,287.700012,76749600,280.703949
2019-05-17,285.140015,288.600006,285.119995,285.839996,100353000,278.88916
2019-05-20,284.059998,285.959991,283.119995,283.950012,62877600,277.045166
2019-05-21,285.829987,286.929993,285.549988,286.51001,46847100,279.542877
2019-05-22,285.450012,286.690002,285.100006,285.630005,49482500,278.684296
2019-05-23,283.160004,283.209991,280.570007,282.140015,98733800,275.279175
2019-05-24,283.73999,284.200012,282.089996,282.77999900000003,55268100,275.903595
2019-05-28,283.089996,284.149994,280.130005,280.149994,70029400,273.337555
2019-05-29,278.910004,279.359985,276.709991,278.269989,104972900,271.503265
2019-05-30,279.109985,280.040009,277.809998,279.02999900000003,62523800,272.24475099999995
2019-05-31,276.200012,277.119995,275.23999,275.269989,86862800,268.576202
2019-06-03,275.309998,276.549988,273.089996,274.570007,96428000,267.89325
2019-06-04,277.119995,280.679993,276.619995,280.52999900000003,77231900,273.708313
2019-06-05,282.329987,282.98999,280.320007,282.959991,71169700,276.079224
2019-06-06,283.290009,285.549988,282.570007,284.799988,69430400,277.87445099999997
2019-06-07,285.929993,288.850006,285.73999,287.649994,74272200,280.655121
2019-06-10,289.369995,290.820007,288.869995,288.97000099999997,60799100,281.943085
2019-06-11,290.98999,291.399994,288.179993,288.899994,58641300,281.874786
2019-06-12,288.640015,289.26001,287.820007,288.390015,46984700,281.377197
2019-06-13,289.399994,289.980011,288.619995,289.579987,48945200,282.538208
2019-06-14,289.26001,289.929993,288.410004,289.26001,52324700,282.226044
2019-06-17,289.519989,290.22000099999997,289.179993,289.369995,39205700,282.333344
2019-06-18,291.390015,293.570007,290.98999,292.399994,85434800,285.289642
2019-06-19,292.549988,293.649994,291.47000099999997,293.059998,78674400,285.933624
2019-06-20,296.040009,296.309998,293.130005,295.859985,116570000,288.665497
2019-06-21,294.130005,295.519989,293.76001,294.0,83309500,288.245911
2019-06-24,294.230011,294.579987,293.47000099999997,293.640015,47582700,287.892944
2019-06-25,293.700012,293.730011,290.640015,290.76001,82028700,285.069305
2019-06-26,291.75,292.309998,290.350006,290.47000099999997,51584900,284.785004
2019-06-27,291.309998,292.059998,290.890015,291.5,40355200,285.79483
2019-06-28,292.579987,293.549988,292.01001,293.0,59350900,287.265442
2019-07-01,296.679993,296.920013,294.329987,295.660004,79107500,289.87341299999997
2019-07-02,295.609985,296.48999,294.679993,296.429993,61504500,290.62832599999996
2019-07-03,297.179993,298.820007,297.019989,298.799988,40898900,292.951935
2019-07-05,297.440002,298.640015,296.01001,298.459991,51677300,292.61859100000004
2019-07-08,297.01001,298.26001,296.22000099999997,296.820007,45841800,291.010712
2019-07-09,295.540009,297.519989,295.480011,297.190002,41101300,291.37347400000004
2019-07-10,298.369995,299.660004,297.77999900000003,298.609985,58448500,292.765656
2019-07-11,299.320007,299.579987,298.200012,299.309998,50826100,293.451996
2019-07-12,299.850006,300.730011,299.51001,300.649994,40326000,294.76574700000003
2019-07-15,301.130005,301.130005,300.190002,300.75,33900000,294.8638
2019-07-16,300.649994,300.880005,299.440002,299.77999900000003,36650100,293.912781
2019-07-17,299.75,299.929993,297.73999,297.73999,36036300,291.91272000000004
2019-07-18,297.190002,299.25,296.700012,298.829987,51392600,292.981354
2019-07-19,300.040009,300.070007,296.980011,297.170013,58678600,291.35391200000004
2019-07-22,297.609985,298.5,297.040009,297.899994,43638100,292.06958
2019-07-23,299.140015,300.02999900000003,298.22000099999997,300.02999900000003,44564500,294.157898
2019-07-24,299.190002,301.440002,299.089996,301.440002,47213200,295.540283
2019-07-25,300.940002,301.0,299.109985,300.0,55394100,294.128479
2019-07-26,300.76001,302.230011,300.619995,302.01001,45084100,296.09912099999997
2019-07-29,301.880005,302.01001,300.850006,301.459991,38126500,295.559875
2019-07-30,299.910004,301.170013,299.48999,300.72000099999997,45849000,294.83435099999997
2019-07-31,300.98999,301.200012,295.200012,297.429993,104245200,291.608765
2019-08-01,297.600006,300.869995,293.959991,294.839996,142646600,289.06948900000003
2019-08-02,293.850006,294.119995,290.899994,292.619995,116749700,286.892883
2019-08-05,288.089996,288.209991,281.72000099999997,283.820007,178745400,278.26513700000004
2019-08-06,285.910004,288.040009,284.27999900000003,287.799988,120711700,282.167236
2019-08-07,284.399994,288.820007,282.040009,287.97000099999997,140572300,282.333954
2019-08-08,289.619995,293.619995,289.01001,293.619995,87713900,287.87332200000003
2019-08-09,292.579987,293.23999,289.649994,291.619995,93730000,285.91247599999997
2019-08-12,289.959991,291.609985,287.019989,288.070007,62629500,282.432007
2019-08-13,287.73999,294.149994,287.359985,292.549988,94299800,286.82428
2019-08-14,288.070007,288.73999,283.76001,283.899994,135622100,278.34359700000005
2019-08-15,284.880005,285.640015,282.390015,284.649994,99556600,279.078888
2019-08-16,286.480011,289.329987,284.709991,288.850006,83018300,283.19671600000004
2019-08-19,292.190002,293.079987,291.440002,292.329987,53571800,286.60858199999996
2019-08-20,291.769989,292.359985,289.950012,290.089996,51596400,284.412445
2019-08-21,292.480011,292.859985,291.72000099999997,292.450012,49524700,286.726257
2019-08-22,293.230011,293.929993,290.399994,292.359985,51666400,286.63797
2019-08-23,290.920013,292.76001,283.47000099999997,284.850006,149161500,279.27502400000003
2019-08-26,287.269989,288.0,285.579987,288.0,72423800,282.363342
2019-08-27,289.540009,289.950012,286.02999900000003,286.869995,66668900,281.255432
2019-08-28,286.140015,289.070007,285.25,288.890015,59696700,283.235931
2019-08-29,291.72000099999997,293.160004,290.609985,292.579987,57899400,286.853699
2019-08-30,294.22000099999997,294.23999,291.420013,292.450012,62901200,286.726257
2019-09-03,290.570007,291.579987,289.269989,290.73999,69101400,285.049683
2019-09-04,293.140015,294.059998,292.309998,294.040009,46887300,288.285126
2019-09-05,296.790009,298.829987,294.0,297.820007,83258100,291.99115
2019-09-06,298.170013,298.76001,297.420013,298.049988,49584300,292.216644
2019-09-09,299.140015,299.23999,297.160004,298.200012,51260300,292.36370800000003
2019-09-10,297.359985,298.200012,295.97000099999997,298.130005,57947100,292.295074
2019-09-11,298.47000099999997,300.339996,297.75,300.25,68821100,294.373596
2019-09-12,301.25,302.459991,300.410004,301.290009,72908700,295.393219
2019-09-13,301.77999900000003,302.170013,300.679993,301.089996,62104800,295.197144
2019-09-16,299.839996,301.140015,299.450012,300.160004,58191200,294.285339
2019-09-17,299.940002,301.019989,299.75,300.920013,41475500,295.03045699999996
2019-09-18,300.48999,301.22000099999997,298.23999,301.100006,73375800,295.20694
2019-09-19,301.52999900000003,302.630005,300.709991,301.079987,76560500,295.187317
2019-09-20,300.359985,300.670013,297.410004,298.27999900000003,89565000,293.792633
2019-09-23,297.549988,299.0,297.269989,298.209991,43476800,293.723663
2019-09-24,299.410004,299.839996,294.809998,295.869995,94869400,291.418884
2019-09-25,295.959991,298.109985,294.329987,297.619995,71854000,293.142548
2019-09-26,297.630005,297.859985,295.450012,297.0,56179700,292.53189100000003
2019-09-27,297.829987,297.950012,293.690002,295.399994,84746600,290.955963
2019-09-30,295.97000099999997,297.549988,295.920013,296.769989,51662400,292.305328
2019-10-01,297.73999,298.459991,293.0,293.23999,88242400,288.82842999999997
2019-10-02,291.5,291.51001,286.640015,288.059998,122539500,283.726379
2019-10-03,287.809998,290.450012,284.820007,290.420013,85278800,286.050903
2019-10-04,291.140015,294.630005,291.079987,294.350006,65091200,289.92175299999997
2019-10-07,293.47000099999997,295.26001,292.769989,293.079987,59610500,288.67086800000004
2019-10-08,291.040009,291.850006,288.48999,288.52999900000003,95708100,284.189331
2019-10-09,290.75,292.299988,290.059998,291.269989,62359400,286.888092
2019-10-10,291.179993,294.209991,291.0,293.23999,55296300,288.82842999999997
2019-10-11,296.269989,298.73999,296.140015,296.27999900000003,98720400,291.822723
2019-10-14,295.929993,296.670013,295.570007,295.950012,40394800,291.497681
2019-10-15,297.100006,299.700012,296.97000099999997,298.880005,46754500,294.383606
2019-10-16,298.369995,299.160004,297.920013,298.399994,48928200,293.910828
2019-10-17,299.679993,300.23999,298.519989,299.27999900000003,45736600,294.777588
2019-10-18,298.690002,299.399994,297.02999900000003,297.97000099999997,64304000,293.487305
2019-10-21,299.420013,300.209991,298.940002,299.98999,39048600,295.476868
2019-10-22,300.579987,300.899994,298.910004,299.01001,48594700,294.511658
2019-10-23,298.730011,299.940002,298.5,299.880005,34352200,295.368561
2019-10-24,300.910004,301.070007,299.459991,300.369995,35453100,295.851196
2019-10-25,299.73999,302.200012,299.679993,301.600006,45205400,297.062683
2019-10-28,302.940002,303.850006,302.910004,303.299988,42147000,298.737091
2019-10-29,303.0,304.230011,302.859985,303.209991,44284900,298.64846800000004
2019-10-30,303.429993,304.549988,301.98999,304.140015,49643900,299.564484
2019-10-31,304.130005,304.130005,301.730011,303.329987,69053800,298.766663
2019-11-01,304.920013,306.190002,304.73999,306.140015,71141500,301.534393
2019-11-04,307.850006,308.0,306.959991,307.369995,60606900,302.74588
2019-11-05,307.589996,307.920013,306.709991,307.02999900000003,42933200,302.41098
2019-11-06,307.02999900000003,307.399994,306.059998,307.100006,46487100,302.479919
2019-11-07,308.570007,309.649994,307.660004,308.179993,54272300,303.543671
2019-11-08,307.799988,309.0,307.02999900000003,308.940002,49032100,304.292267
2019-11-11,307.420013,308.540009,307.269989,308.350006,35797300,303.711151
2019-11-12,308.75,309.98999,308.149994,309.0,46484600,304.351349
2019-11-13,307.910004,309.540009,307.660004,309.100006,53917700,304.44986
2019-11-14,308.790009,309.640015,308.089996,309.549988,51219900,304.89306600000003
2019-11-15,311.019989,311.839996,310.26001,311.790009,62023600,307.099396
2019-11-18,311.52999900000003,312.27999900000003,311.02999900000003,312.019989,49228000,307.325897
2019-11-19,312.679993,312.690002,311.22000099999997,311.929993,67804700,307.237274
2019-11-20,311.27999900000003,311.850006,309.059998,310.769989,79406200,306.094727
2019-11-21,310.890015,311.01001,309.390015,310.269989,54664700,305.602234
2019-11-22,311.089996,311.23999,309.850006,310.959991,44850200,306.28189100000003
2019-11-25,311.980011,313.369995,311.980011,313.369995,48647200,308.65560899999997
2019-11-26,313.410004,314.27999900000003,313.059998,314.079987,37569000,309.354919
2019-11-27,314.609985,315.480011,314.369995,315.480011,44444600,310.733856
2019-11-29,314.859985,315.130005,314.059998,314.309998,36592700,309.58145099999996
2019-12-02,314.589996,314.660004,311.170013,311.640015,75767800,306.95169100000004
2019-12-03,308.649994,309.640015,307.130005,309.549988,73941700,304.89306600000003
2019-12-04,310.700012,312.119995,310.320007,311.459991,49080000,306.774323
2019-12-05,312.230011,312.25,310.579987,312.019989,40709000,307.325897
2019-12-06,314.119995,315.309998,314.109985,314.869995,48927000,310.133057
2019-12-09,314.440002,315.179993,313.799988,313.880005,34838500,309.157959
2019-12-10,313.820007,314.549988,312.809998,313.52999900000003,52649800,308.81323199999997
2019-12-11,314.02999900000003,314.700012,313.440002,314.420013,53429100,309.68985
2019-12-12,314.429993,317.98999,314.170013,317.130005,96389600,312.35907000000003
2019-12-13,316.869995,318.670013,316.019989,317.320007,81503900,312.546204
2019-12-16,319.22000099999997,320.149994,317.25,319.5,82749700,314.69338999999997
2019-12-17,319.920013,320.25,319.480011,319.570007,61097700,314.76236
2019-12-18,320.0,320.25,319.52999900000003,319.589996,48133000,314.78204300000004
2019-12-19,319.799988,320.980011,319.519989,320.899994,85310500,316.07232700000003
2019-12-20,320.459991,321.97000099999997,319.390015,320.730011,147142100,317.458038
2019-12-23,321.589996,321.649994,321.059998,321.22000099999997,52990000,317.943054
2019-12-24,321.47000099999997,321.519989,320.899994,321.230011,20270000,317.95297200000005
2019-12-26,321.649994,322.950012,321.640015,322.940002,30911200,319.645508
2019-12-27,323.73999,323.799988,322.27999900000003,322.859985,42528800,319.566284
2019-12-30,322.950012,323.100006,320.549988,321.079987,49729100,317.804443
2019-12-31,320.52999900000003,322.130005,320.149994,321.859985,57077300,318.576508
2020-01-02,323.540009,324.890015,322.52999900000003,324.869995,59151200,321.555786
2020-01-03,321.160004,323.640015,321.100006,322.410004,77709700,319.120911
2020-01-06,320.48999,323.730011,320.359985,323.640015,55653900,320.33837900000003
2020-01-07,323.019989,323.540009,322.23999,322.730011,40496400,319.43765299999995
2020-01-08,322.940002,325.77999900000003,322.670013,324.450012,68296000,321.140106
2020-01-09,326.160004,326.730011,325.519989,326.649994,48473300,323.317627
2020-01-10,327.290009,327.459991,325.200012,325.709991,53029300,322.387207
2020-01-13,326.390015,327.959991,325.920013,327.950012,47086800,324.604401
2020-01-14,327.47000099999997,328.619995,326.839996,327.450012,62832800,324.10949700000003
2020-01-15,327.350006,329.019989,327.26001,328.190002,72056600,324.841919
2020-01-16,329.700012,330.920013,329.450012,330.920013,54050300,327.544098
2020-01-17,331.700012,332.179993,330.850006,331.950012,95846000,328.563599
2020-01-21,330.899994,332.179993,330.820007,331.299988,77742400,327.920227
2020-01-22,332.23999,332.950012,331.170013,331.339996,48914900,327.959808
2020-01-23,330.630005,332.170013,329.410004,331.72000099999997,51963000,328.335938
2020-01-24,332.440002,332.52999900000003,327.359985,328.769989,87578400,325.416016
2020-01-27,323.02999900000003,325.119995,322.660004,323.5,84062500,320.19979900000004
2020-01-28,325.059998,327.850006,323.600006,326.890015,63834000,323.555206
2020-01-29,328.380005,328.630005,326.399994,326.619995,53888900,323.287933
2020-01-30,324.359985,327.910004,323.540009,327.679993,75491800,324.337128
2020-01-31,327.0,327.170013,320.730011,321.730011,113845600,318.44784500000003
2020-02-03,323.350006,326.160004,323.22000099999997,324.119995,69242300,320.813446
2020-02-04,328.070007,330.01001,327.72000099999997,329.059998,62573200,325.70306400000004
2020-02-05,332.269989,333.089996,330.670013,332.859985,65951100,329.464294
2020-02-06,333.910004,334.190002,332.799988,333.980011,50359700,330.57287599999995
2020-02-07,332.820007,333.98999,331.600006,332.200012,64139400,328.811035
2020-02-10,331.230011,334.75,331.190002,334.679993,42070000,331.265717
2020-02-11,336.160004,337.019989,334.679993,335.26001,54864500,331.839813
2020-02-12,336.829987,337.649994,336.429993,337.420013,43992700,333.977783
2020-02-13,335.859985,338.119995,335.559998,337.059998,54501900,333.621429
2020-02-14,337.51001,337.730011,336.200012,337.600006,64582200,334.15594500000003
2020-02-18,336.51001,337.670013,335.209991,336.730011,57226200,333.2948
2020-02-19,337.790009,339.079987,337.480011,338.339996,48814700,334.888397
2020-02-20,337.73999,338.640015,333.679993,336.950012,74163400,333.512573
2020-02-21,335.47000099999997,335.809998,332.579987,333.480011,113788200,330.07797200000005
2020-02-24,323.140015,333.559998,321.23999,322.420013,161088400,319.130829
2020-02-25,323.940002,324.609985,311.690002,312.649994,218913200,309.46044900000004
2020-02-26,314.179993,318.109985,310.700012,311.5,194773800,308.322205
2020-02-27,305.459991,311.559998,297.51001,297.51001,284353500,294.474915
2020-02-28,288.700012,297.890015,285.540009,296.26001,385764000,293.23770099999996
2020-03-02,298.209991,309.160004,294.459991,309.089996,238703600,305.93676800000003
2020-03-03,309.5,313.839996,297.570007,300.23999,300139100,297.177063
2020-03-04,306.119995,313.100006,303.329987,312.859985,176613400,309.668304
2020-03-05,304.980011,308.47000099999997,300.01001,302.459991,186366800,299.37442000000004
2020-03-06,293.149994,298.77999900000003,290.230011,297.459991,228667200,294.425415
2020-03-09,275.299988,284.190002,273.450012,274.230011,309417300,271.432434
2020-03-10,284.640015,288.519989,273.5,288.420013,276444100,285.477692
2020-03-11,280.700012,281.940002,270.880005,274.359985,255316300,271.56106600000004
2020-03-12,256.0,266.660004,247.67999300000002,248.11000099999998,392220700,245.57888799999998
2020-03-13,263.089996,271.480011,248.520004,269.320007,327124600,266.57251
2020-03-16,241.17999300000002,256.899994,237.36000099999998,239.850006,297240000,237.403152
2020-03-17,245.039993,256.170013,237.07000699999998,252.80000299999998,262070500,250.22103900000002
2020-03-18,236.25,248.36999500000002,228.020004,240.0,327597100,237.55162
2020-03-19,239.25,247.38000499999998,232.22000099999997,240.50999500000003,289322000,238.056396
2020-03-20,242.52999900000003,244.47000099999997,228.5,228.80000299999998,347158800,227.797562
2020-03-23,228.190002,229.67999300000002,218.25999500000003,222.94999700000002,326025200,221.97319
2020-03-24,234.419998,244.100006,233.80000299999998,243.149994,235494500,242.08468599999998
2020-03-25,244.86999500000002,256.350006,239.75,246.789993,299430300,245.708725
2020-03-26,249.520004,262.799988,249.05000299999998,261.200012,257632800,260.05560299999996
2020-03-27,253.270004,260.809998,251.05000299999998,253.419998,224341200,252.30969199999998
2020-03-30,255.69999700000002,262.429993,253.52999900000003,261.649994,171369500,260.503632
2020-03-31,260.559998,263.329987,256.22000099999997,257.75,194881100,256.620728
2020-04-01,247.979996,257.660004,243.899994,246.149994,189554600,245.07153300000002
2020-04-02,245.190002,252.67999300000002,244.58999599999999,251.830002,177660400,250.726654
2020-04-03,250.75999500000003,253.32000699999998,245.22000099999997,248.190002,135561200,247.102615
2020-04-06,257.839996,267.0,248.169998,264.859985,188061200,263.699554
2020-04-07,274.209991,275.02999900000003,264.890015,265.130005,201427200,263.96838399999996
2020-04-08,267.959991,276.0,265.25,274.02999900000003,153774500,272.82937599999997
2020-04-09,277.579987,281.200012,275.47000099999997,278.200012,190282700,276.98114
2020-04-13,277.140015,277.51001,271.410004,275.660004,114839100,274.45224
2020-04-14,280.980011,284.899994,275.51001,283.790009,134143400,282.546631
2020-04-15,277.570007,283.940002,275.459991,277.76001,121775000,276.54306
2020-04-16,279.149994,280.02999900000003,275.76001,279.100006,131798300,277.877197
2020-04-17,285.380005,287.299988,282.399994,286.640015,146684800,285.38415499999996
2020-04-20,282.609985,286.790009,281.350006,281.589996,100109300,280.356262
2020-04-21,276.730011,278.040009,272.019989,273.040009,126385700,271.84375
2020-04-22,278.350006,281.0,276.910004,279.100006,93524600,277.877197
2020-04-23,280.48999,283.940002,278.75,279.079987,104709700,277.857239
2020-04-24,280.730011,283.700012,278.5,282.97000099999997,85166000,281.730225
2020-04-27,285.119995,288.269989,284.619995,287.049988,77896600,285.792328
2020-04-28,291.019989,291.399994,285.399994,285.730011,105270000,284.47814900000003
2020-04-29,291.52999900000003,294.880005,290.410004,293.209991,118745600,291.925354
2020-04-30,291.709991,293.320007,288.589996,290.480011,121841200,289.207336
2020-05-01,285.309998,290.660004,281.519989,282.790009,125180000,281.551025
2020-05-04,280.73999,283.899994,279.130005,283.570007,80873200,282.327606
2020-05-05,286.640015,289.25,283.709991,286.190002,79569900,284.936127
2020-05-06,288.040009,288.459991,283.77999900000003,284.25,73632600,283.004608
2020-05-07,287.75,289.77999900000003,287.130005,287.679993,75250400,286.419586
2020-05-08,291.089996,292.950012,289.859985,292.440002,76622100,291.158722
2020-05-11,290.339996,294.0,289.880005,292.5,79514200,291.218475
2020-05-12,293.790009,294.23999,286.519989,286.670013,95870800,285.41403199999996
2020-05-13,286.059998,287.190002,278.959991,281.600006,144721100,280.366241
2020-05-14,278.950012,285.109985,272.98999,284.97000099999997,121977900,283.721466
2020-05-15,282.369995,286.329987,281.339996,286.27999900000003,111146300,285.02572599999996
2020-05-18,293.049988,296.75,292.700012,295.0,120320200,293.70752000000005
2020-05-19,294.350006,296.209991,291.950012,291.97000099999997,95189300,290.690796
2020-05-20,295.820007,297.869995,295.570007,296.929993,85861700,295.629059
2020-05-21,296.790009,297.670013,293.690002,294.880005,78293900,293.588043
2020-05-22,294.570007,295.630005,293.22000099999997,295.440002,63958200,294.145599
2020-05-26,301.929993,302.190002,295.459991,299.079987,88951400,297.769623
2020-05-27,302.119995,303.570007,296.869995,303.52999900000003,104817400,302.200134
2020-05-28,304.649994,306.839996,302.23999,302.97000099999997,90405200,301.642609
2020-05-29,302.459991,304.959991,299.47000099999997,304.320007,119265700,302.986694
2020-06-01,303.619995,306.209991,303.059998,305.549988,55758300,304.211273
2020-06-02,306.549988,308.130005,305.100006,308.079987,74267200,306.730194
2020-06-03,310.23999,313.22000099999997,309.940002,312.179993,92567600,310.812225
2020-06-04,311.109985,313.0,309.079987,311.359985,75794400,309.995819
2020-06-05,317.230011,321.269989,317.160004,319.339996,150524700,317.94088700000003
2020-06-08,320.22000099999997,323.410004,319.630005,323.200012,73641200,321.783966
2020-06-09,320.299988,323.27999900000003,319.359985,320.790009,77479200,319.384521
2020-06-10,321.420013,322.390015,318.22000099999997,319.0,95000800,317.602356
2020-06-11,311.459991,312.149994,300.01001,300.609985,209243600,299.292938
2020-06-12,308.23999,309.079987,298.600006,304.209991,194529100,302.877167
2020-06-15,298.019989,308.27999900000003,296.73999,307.049988,135782700,305.70471200000003
2020-06-16,315.480011,315.640015,307.670013,312.959991,137627500,311.58880600000003
2020-06-17,314.070007,314.390015,310.859985,311.660004,82954600,310.294525
2020-06-18,310.01001,312.299988,309.51001,311.77999900000003,80828700,310.414001
2020-06-19,314.170013,314.380005,306.52999900000003,308.640015,135549600,308.640015
2020-06-22,307.98999,311.049988,306.75,310.619995,74649400,310.619995
2020-06-23,313.48999,314.5,311.609985,312.049988,68471200,312.049988
2020-06-24,309.839996,310.51001,302.100006,304.089996,132813500,304.089996
2020-06-25,303.47000099999997,307.640015,301.27999900000003,307.350006,89468000,307.350006
2020-06-26,306.160004,306.390015,299.420013,300.049988,127961000,300.049988
2020-06-29,301.410004,304.609985,298.929993,304.459991,79773300,304.459991
2020-06-30,303.98999,310.200012,303.820007,308.359985,113394800,308.359985
2020-07-01,309.570007,311.890015,309.070007,310.519989,72396500,310.519989
2020-07-02,314.23999,315.700012,311.51001,312.230011,69344200,312.230011
2020-07-06,316.369995,317.679993,315.559998,317.049988,61713800,317.049988
2020-07-07,315.380005,317.519989,313.369995,313.77999900000003,82910000,313.77999900000003
2020-07-08,314.609985,316.299988,312.700012,316.179993,54638600,316.179993
2020-07-09,316.839996,317.100006,310.679993,314.380005,83354200,314.380005
2020-07-10,314.309998,317.880005,312.76001,317.589996,57550400,317.589996
2020-07-13,320.130005,322.709991,314.130005,314.839996,102997500,314.839996
2020-07-14,313.299988,319.76001,312.0,318.920013,93657000,318.920013
2020-07-15,322.410004,323.040009,319.269989,321.850006,87196500,321.850006
2020-07-16,319.790009,321.27999900000003,319.089996,320.790009,54622500,320.790009
2020-07-17,321.880005,322.570007,319.73999,321.72000099999997,62774900,321.72000099999997
2020-07-20,321.429993,325.130005,320.619995,324.320007,56308800,324.320007
2020-07-21,326.450012,326.929993,323.940002,325.01001,57499000,325.01001
2020-07-22,324.619995,327.200012,324.5,326.859985,57792900,326.859985
2020-07-23,326.47000099999997,327.230011,321.480011,322.959991,75738000,322.959991
2020-07-24,320.950012,321.98999,319.25,320.880005,73766600,320.880005
2020-07-27,321.630005,323.410004,320.769989,323.22000099999997,48293000,323.22000099999997
2020-07-28,322.429993,323.640015,320.850006,321.170013,57495000,321.170013
2020-07-29,322.119995,325.730011,322.079987,325.119995,48454200,325.119995
2020-07-30,321.899994,324.410004,319.640015,323.959991,61861700,323.959991
2020-07-31,325.899994,326.630005,321.329987,326.519989,85210800,326.519989
2020-08-03,328.320007,329.619995,327.730011,328.790009,53077900,328.790009
2020-08-04,327.859985,330.059998,327.859985,330.059998,41917900,330.059998
2020-08-05,331.47000099999997,332.390015,331.179993,332.109985,42866400,332.109985
2020-08-06,331.480011,334.459991,331.130005,334.329987,43679400,334.329987
2020-08-07,333.27999900000003,334.880005,332.299988,334.570007,57265200,334.570007
2020-08-10,335.059998,335.769989,332.959991,335.570007,44282100,335.570007
2020-08-11,336.850006,337.540009,332.01001,332.799988,69601100,332.799988
2020-08-12,335.440002,338.27999900000003,335.410004,337.440002,53826100,337.440002
2020-08-13,336.609985,338.25,335.829987,336.829987,41816100,336.829987
2020-08-14,336.410004,337.420013,335.619995,336.839996,47260400,336.839996
2020-08-17,337.940002,338.339996,336.850006,337.910004,35481000,337.910004
2020-08-18,338.339996,339.100006,336.609985,338.640015,38733900,338.640015
2020-08-19,339.049988,339.609985,336.619995,337.230011,68054200,337.230011
2020-08-20,335.359985,338.799988,335.22000099999997,338.27999900000003,42207800,338.27999900000003
2020-08-21,337.920013,339.72000099999997,337.549988,339.480011,55106600,339.480011
2020-08-24,342.119995,343.0,339.450012,342.920013,48588700,342.920013
2020-08-25,343.52999900000003,344.209991,342.269989,344.119995,38463400,344.119995
2020-08-26,344.76001,347.859985,344.170013,347.570007,50790200,347.570007
2020-08-27,348.51001,349.899994,346.52999900000003,348.329987,58034100,348.329987
2020-08-28,349.440002,350.72000099999997,348.149994,350.579987,48588900,350.579987
2020-08-31,350.350006,351.299988,349.059998,349.309998,66099200,349.309998
2020-09-01,350.209991,352.709991,349.23999,352.600006,54999300,352.600006
2020-09-02,354.670013,358.75,353.429993,357.700012,69540000,357.700012
2020-09-03,355.869995,356.380005,342.589996,345.390015,148011100,345.390015
2020-09-04,346.130005,347.829987,334.869995,342.570007,139156300,342.570007
2020-09-08,336.709991,342.640015,332.880005,333.209991,114465300,333.209991
2020-09-09,337.549988,342.459991,336.609985,339.790009,91462300,339.790009
2020-09-10,341.820007,342.52999900000003,332.850006,333.890015,90569500,333.890015
2020-09-11,335.820007,336.97000099999997,331.0,334.059998,84628600,334.059998
